Smiles,logSw
O=C(NCCC(=O)OC)[C@H](N)CC(=O)O,0.11
O=C(CCCNC(=O)[C@H](N)CC(=O)O)OC,0.13
CC(C)OC(=O)C(C)CNC(=O)[C@H](N)CC(=O)O,0.18
O=C(NC(CCCNC(C)=O)C(=O)OC)[C@H](N)CC(=O)O,0.25
O=C(NC(CCCCNC(C)=O)C(=O)OC)[C@H](N)CC(=O)O,0.27
O=C(C)OCCNC(=O)[C@H](N)CC(=O)O,0.28
OC1[C@@H](OC(CO)CC1O)O[C@]1(CO)O[C@H](CO)C(Cl)C1O,0.301029996
CC(C)(C)OC(=O)CCNC(=O)[C@H](N)CC(=O)O,0.36
O=C(CCC)OCC(NC(=O)[C@H](N)CC(=O)O)C(C)C,0.4
CC(C)CNS(=O)(=O)O[Na],0.46
O=C(NC(CCC)C(=O)OC)[C@H](N)CC(=O)O,0.46
O=C(NC(CC)C(C)=O)[C@H](N)CC(=O)O,0.48
CC(C)(C)OC(=O)C(C)CNC(=O)[C@H](N)CC(=O)O,0.51
CC(C)OC(=O)CC(NC(=O)[C@H](N)CC(=O)O)C(C)CC,0.53
O=S(=O)(NCCCC)O[Na],0.54
O=C(CCC)OCCNC(=O)[C@H](N)CC(=O)O,0.56
Fc1cc(CCNC(=O)[C@H](N)CC(=O)O)ccc1,0.57
O=C(CCC)OC[C@H](CO)NC(=O)[C@H](N)CC(=O)O,0.58
C[C@H](NC(=O)[C@H](N)CC(=O)O)COC(=O)CCCC,0.6
CC(CC)OC(=O)CC(C)NC(=O)[C@H](N)CC(=O)O,0.6
CCC(CC)OC(=O)CCNC(=O)[C@H](N)CC(=O)O,0.6
O=C(NC(CC(=O)OC)C(=O)OC)[C@H](N)CC(=O)O,0.6
OC1[C@@H](OC(CCl)[C@H](Cl)C1O)O[C@]1(CO)O[C@H](CCl)C(Cl)C1O,0.602059991
O=C(CC)OCCNC(=O)[C@H](N)CC(=O)O,0.61
O=C(OC1CCCCC1)CC(C)NC(=O)[C@H](N)CC(=O)O,0.64
O=C(C)OCC(CCC)NC(=O)[C@H](N)CC(=O)O,0.66
CC(C)(C)OC(=O)CC(C)NC(=O)[C@H](N)CC(=O)O,0.68
O=C(CC(C)NC(=O)[C@H](N)CC(=O)O)OCCCCC,0.68
CC(CCC)OC(=O)CCNC(=O)[C@H](N)CC(=O)O,0.68
OC1[C@@H](OC(CO)[C@H](Cl)C1O)O[C@]1(CO)O[C@H](CO)C(O)C1O,0.698970004
OC1[C@@H](OC(CO)[C@H](O)C1O)O[C@]1(CO)O[C@H](CCl)C(Cl)C1O,0.698970004
CC(C)OC(=O)CCNC(=O)[C@H](N)CC(=O)O,0.7
CC(CC)OC(=O)CCNC(=O)[C@H](N)CC(=O)O,0.73
O=S(=O)(NCCC(C)C)O[Na],0.83
CC(C)OC(=O)CC(C)NC(=O)[C@H](N)CC(=O)O,0.84
O=C(O)C[C@@H](N)C(=O)NCCC1CCCCC1,0.85
O=C(O)C[C@@H](N)C(=O)NC(COC(=O)c1ccccc1)C(=O)OC,0.88
O=C(OC1CCCC1)C(C)CNC(=O)[C@H](N)CC(=O)O,0.88
O=C(CC(C)NC(=O)[C@H](N)CC(=O)O)c1ccccc1,0.89
O=C(O)C[C@@H](N)C(=O)NC(C)(C)Cc1ccccc1,0.89
O=C(CC(C)NC(=O)[C@H](N)CC(=O)O)OCCCC,0.9
O=C(C)OCC(NC(=O)[C@H](N)CC(=O)O)C(=O)OC,0.91
O=C(O)C[C@@H](N)C(=O)N[C@H](COC(=O)C1CCCC1)CO,0.92
[Na]OS(=O)(=O)Nc1nccs1,0.94
O=C(OC1CCCCC1)C(C)CNC(=O)[C@H](N)CC(=O)O,0.94
O=C(O)C[C@@H](N)C(=O)NC(C(C)c1ccccc1)C(=O)OC,0.95
O=C(CCNC(=O)[C@H](N)CC(=O)O)OCCC,0.98
O=C(O)C[C@@H](N)C(=O)NCCOC(=O)C1CCC1,0.99
[Na]OS(=O)(=O)NC1CCCC1,1
O=C(O)C[C@@H](N)C(=O)NCCOC(=O)C1CC1,1.03
O=C(NC(C)CC(=O)OC)[C@H](N)CC(=O)O,1.04
O=C(O)C[C@@H](N)C(=O)NC(COC(=O)C1CCC1)C(C)C,1.06
O=C(O)CC(NCCO)C(=O)NC(Cc1ccccc1)C(=O)OC,1.07
O=C(OCC(NC(=O)[C@H](N)CC(=O)O)C(C)C)C(C)C,1.1
CCOCCC(C)NC(=O)[C@H](N)CC(=O)O,1.14
O=C(NC(CC(C)C(=O)OC)C(=O)OC)C(N)CC(=O)O,1.15
O=C(NC(CC(C)C(=O)OC)C(=O)OC)[C@H](N)CC(=O)O,1.15
O=C(NC(C(O)CCC)C(=O)OC)C(N)CC(=O)O,1.16
O=C(CC(C)NC(=O)[C@H](N)CC(=O)O)OCC,1.16
O=C(O)C[C@@H](N)C(=O)NC(C)Cc1cc(CO)oc1,1.16
O=C(C)OC[C@H](CC)NC(=O)[C@H](N)CC(=O)O,1.16
O=C(NC(C(O)CCC)C(=O)OC)[C@H](N)CC(=O)O,1.16
O=C(OCCNC(=O)[C@H](N)CC(=O)O)C(C)C,1.16
O=C(CCNC(=O)[C@H](N)CC(=O)O)OC1CCCC1,1.16
O=C(NC(C)CCCCCC)[C@H](N)CC(=O)O,1.17
CC(=O)OC1C(=O)c2c(O)c(OC)c(O)cc2OC1c1ccc(O)cc1,1.176091259
O=S(=O)(O[Na])NCC1CCCC1,1.18
O=C(O)C[C@@H](N)C(=O)NC(C)COc1ccccc1,1.19
CC(C)(C)CNS(=O)(=O)O[Na],1.21
O=C(OC[C@H](CO)NC(=O)[C@H](N)CC(=O)O)C(C)CC,1.21
O=C(NC(CCC)C(C)=O)[C@H](N)CC(=O)O,1.21
O=C(O)C[C@@H](N)C(=O)NC(COC(=O)C1CC1)C(C)C,1.22
O=C(OC1CCCCC1)CCNC(=O)[C@H](N)CC(=O)O,1.22
O=C(C)OC[C@H](CO)NC(=O)[C@H](N)CC(=O)O,1.23
O=C(NC(CC(=O)OC)C(C)O)[C@H](N)CC(=O)O,1.26
O=S(=O)(NCC(C)CC)O[Na],1.29
O=C(CC(C)C)OC[C@H](CO)NC(=O)[C@H](N)CC(=O)O,1.3
Oc1ccc(cc1O)C1CC(=O)c2c(O)c(OC)c(O)cc2O1,1.301029996
OC1[C@@H](OC(CO)[C@H](O)C1O)O[C@]1(CCl)O[C@H](CCl)C(Cl)C1O,1.301029996
OC1[C@@H](OC(CO)[C@H](O)C1O)O[C@]1(CO)O[C@H](CCl)C(O)C1O,1.301029996
OC1[C@@H](OC(CO)[C@@H](O)C1O)O[C@]1(CC(O)[C@@H](CO)O1)CCl,1.301029996
OC1[C@@H](OC(CO)[C@@H](O)C1O)O[C@]1(CC(O)[C@@H](CCl)O1)CO,1.301029996
O1C(COC2OC(COC3OC(CO)C(O)C(O)C3O)C(O)C(O)C2O)C(O)C(O)C(O)C1O[C@@]1(OC(CO)C(O)C1O)CO,1.34
O=C(NC(C(=O)OCC)C(=O)OCC)C(N)CC(=O)O,1.35
O=C(NC(CC(=O)OCC)C(=O)OCC)[C@H](N)CC(=O)O,1.35
O=C(CC(C)C)OCCNC(=O)[C@H](N)CC(=O)O,1.36
O=C(OC[C@H](CC)NC(=O)[C@H](N)CC(=O)O)C(C)C,1.38
O=C(O)C[C@@H](N)C(=O)N[C@H](COC(=O)C1CC1)CC,1.38
CC(=O)OC1C(=O)c2c(O)c(OC)c(O)cc2OC1c1ccc(O)c(O)c1,1.397940009
OC1[C@@H](OC(CCl)[C@H](O)C1O)O[C@]1(CCl)O[C@H](CCl)C(O)C1O,1.397940009
O1C(CO)C(O)C(O)C(O)C1O[C@@H](C(O)C(O)C=O)C(O)CO,1.4
O1C(COC2OC(CO)C(O)C(O)C2O)C(O)C(O)C(O)C1O[C@@]1(OC(CO)C(O)C1O)CO,1.4
O=C(O)C[C@@H](N)C(=O)N[C@H](COC(=O)C1CCC1)CC,1.4
O=C(CC(NC(=O)[C@H](N)CC(=O)O)C(C)O)OCCCC,1.41
CCCNC(CC(=O)O)C(=O)NCCC,1.43
O=C(NC(C)CCCCC)[C@H](N)CC(=O)O,1.43
CC(C)OC(=O)CC(NC(=O)[C@H](N)CC(=O)O)CCC,1.43
O=C(CCC)OCC(NC(=O)[C@H](N)CC(=O)O)C(=O)OC,1.43
O=S(=O)(NC1CCCCCCC1)O[Na],1.44
O=C(OC1CCCCC1)CC(NC(=O)[C@H](N)CC(=O)O)C(C)O,1.44
CC.O=C(O)CC(NCCC)C(=O)NC(Cc1ccccc1)CO,1.477
CC1=CC[C@@H](OC1=O)[C@@H](C)C1CCC2[C@@H]3CCC4[C@]5(C[C@@]35CC[C@]12C)CC[C@H](OOC[C@H]1O[C@@H](O)[C@H](O[C@@H]2O[C@H](CO)[C@@H](O)[C@H](O)[C@H]2O)[C@@H](O)[C@H]1O)[C@@]4(C)C(=O)O,1.477121255
OC1[C@@H](OC(CO)[C@H](O)C1O)O[C@]1(CCl)O[C@H](CO)C(Cl)C1O,1.477121255
OC1[C@@H](OC(CO)[C@@H](O)C1O)O[C@]1(CC(Cl)[C@@H](CO)O1)CCl,1.477121255
O=C(OC[C@H](CO)NC(=O)[C@H](N)CC(=O)O)C(C)C,1.48
O=C(CC)OC[C@H](CC)NC(=O)[C@H](N)CC(=O)O,1.48
O=C(NC(CCCC)C(=O)OC)C(N)CC(=O)O,1.49
O=C(NC(CC(=O)OC)CO)[C@H](N)CC(=O)O,1.49
O=C(NC(CCCC)C(=O)OC)[C@H](N)CC(=O)O,1.49
O1C(C)C(O)C(O)C(O)C1O,1.5
Fc1cc(CC(C)NC(=O)[C@H](N)CC(=O)O)ccc1,1.5
O=S(=O)(NC1CCCCCC1)O[Na],1.53
CCCNC(CC(=O)O)C(=O)NCC,1.53
C[C@H](NC(=O)[C@H](N)CC(=O)O)COC(=O)C(CC)CC,1.53
O=C(CC)OCC(NC(=O)[C@H](N)CC(=O)O)C(=O)OC,1.53
O1C(CO)C(O)C(O)C(O)C1O[C@@H](C(O)C(O)CO)C(O)CO,1.54
O=C(NC(C)CCC(C)C)[C@H](N)CC(=O)O,1.54
O1C(CO)C(O)C(O)C(O)C1OC(C(O)C(O)CO)C(O)CO,1.544068044
Oc1ccc(cc1)C1Oc2c(C[C@@H]1O)c(O)cc(O)c2C1c2c(O)cc3O[C@@]4(Oc5cc(O)cc(O)c5[C@H](c3c2O[C@H](c2ccc(O)cc2)[C@@H]1O)C4O)c1ccc(O)cc1,1.544068044
O=C(CC(NC(=O)[C@H](N)CC(=O)O)CCC)OCCC,1.56
O=C(O)C[C@@H](N)C(=O)NC(C)Cc1ccccc1,1.56
O1C(CO)C(O)C(O)C(O)C1OC1C(O)C(O)C(OC1CO)O,1.561816664
O=C(C)OCC(NC(=O)[C@H](N)CC(=O)O)C(C)C,1.58
C[C@H](NC(=O)[C@H](N)CC(=O)O)COC(=O)CCC,1.58
O=C(NC(C)C(C)CCCCC)[C@H](N)CC(=O)O,1.58
O1CC(O)C(O)C(O)C1OC1COC(O)C(O)C1O,1.6
CCSCC(NC(=O)C(N)CC(=O)O)C(=O)OC,1.6
O=C(O)CC(NC[C@@H](O)CO)C(=O)NC(Cc1ccccc1)C(=O)OC,1.6
O=C(CC)OCC(NC(=O)[C@H](N)CC(=O)O)C(C)C,1.6
O=C(NC(C)CCCC)[C@H](N)CC(=O)O,1.6
CCSCC(NC(=O)[C@H](N)CC(=O)O)C(=O)OC,1.6
OC1[C@@H](OC(CO)[C@H](F)C1O)O[C@]1(CF)O[C@H](CF)C(O)C1O,1.602059991
O=S(=O)(O[Na])NC1CCCCC1,1.61
C[C@H](NC(=O)[C@H](N)CC(=O)O)COC(=O)C,1.61
O1C(CO)C(O)C(O)C(O)C1O[C@H]1OC(CO)C(O)C(O)C1O,1.63
O1C(CO)C(O)C(O)C(O)C1OCC1O[C@](O)(CO)C(O)C1O,1.63447727
CCCNC(CC(=O)O)C(=O)NCCCC,1.65
O=C(OCC(NC(=O)[C@H](N)CC(=O)O)C(=O)OC)C(C)C,1.65
O1C(CO)C(O)C(O)C(O)C1OC1OC(CO)C(O)C(O)C1O,1.653212514
O1C(CO)C(O)C(O)C(O)C1OCC(O)C(O)C(O)C(=O)CO,1.68
CC1CC1C(=O)OC[C@H](C)NC(=O)[C@H](N)CC(=O)O,1.68
CC1=CC[C@@H](OC1=O)[C@@H](C)C1CCC2[C@@H]3CC[C@H]4[C@@](C)([C@@H](O[C@@H]5O[C@H](COO)[C@@H](O)[C@H](O)[C@H]5O[C@@H]5C[C@H](CO)[C@@H](O)[C@H](O)[C@H]5O)CC[C@@]44C[C@@]34CC[C@]12C)C(=O)O,1.698970004
CC.CC(C)(O)/C=C/C[C@](C)(O)C1CCC2(C)C1[C@@H](CC1[C@@](C)(CCC(=O)O)C(CC[C@]12C)C(=C)C)OCC(=C)C1C[C@H]2C[C@@H](O[C@@H]3O[C@H](C)[C@@H](O)[C@H](O)[C@H]3O)[C@@H]3[C@H](CC[C@@]3(C)[C@]2(C)CC1)[C@@](C)(O)C\C=C\O,1.698970004
OC1[C@@H](OC(CO)[C@H](Cl)C1O)O[C@]1(CO)O[C@H](CCl)C(O)C1O,1.698970004
O1C(CO)C(O)C(O)C(O)C1O[C@@H](C(O)C(=O)CO)C(O)CO,1.7
O1C(CO)C(O)C(O)C(O)C1OC(C(O)C(O)C(=O)CO)CO,1.7
O=C(O)C[C@@H](N)C(=O)N[C@@H](C)COC(=O)C1CCCC1,1.7
O=C(O)C[C@@H](N)C(=O)N[C@H](COC(=O)C1CCC1)CO,1.71
O1C(CO)C(O)C(O)C(O)C1O,1.72
O=C(OC1CCCCC1)CC(CO)NC(=O)[C@H](N)CC(=O)O,1.72
O1C(CO)C(O)C(O)C(O)C1OCC(O)C(O)C(O)C(O)CO,1.73
OC(C(NC(=O)C)C=O)C(O)C(O)CO,1.74
O=CC1C=2CC(O[C@@H]3OC[C@H](O)C(O)C3O)C3[C@](C)(CCC[C@]3(C)CO)C=2CC\C1=C\CO,1.740362689
O=C(CC(CO)NC(=O)[C@H](N)CC(=O)O)OCCCC,1.75
O1C(CO)C(O)C(O)C(O)C1OC1C(O)[C@@](OC1CO)(O)CO,1.755874856
OC(C(O)C(O)CO)C(O)CO,1.76
OC(C(O)CO)CO,1.8
OC(C(O)C(O)C=O)C(O)CO,1.81
CCCNC(CC(=O)O)C(=O)NCC(C)C,1.81
O=C(OCC(NC(=O)[C@H](N)CC(=O)O)C(=O)OC)C(C)(C)C,1.81
OC(C(O)CO)C(O)C=O,1.84
OC(C(O)C(O)C)C(O)C=O,1.84
O1CC(O)C(O)C(O)[C@]1(O)CO,1.85
O=S(=O)(NC1CC2CCC1C2)O[Na],1.85
C[C@H](NC(=O)[C@H](N)CC(=O)O)COC(=O)C=C,1.85
C[C@H](NC(=O)[C@H](N)CC(=O)O)COC(=O)CC,1.86
O=C(CC(C)NC(=O)[C@H](N)CC(=O)O)OCCC,1.86
O=C(OC1CCC(C)CC1)CC(NC(=O)[C@H](N)CC(=O)O)C(=O)OC,1.87
O=C(O)[C@H]1O[C@@H](O[C@@H]2[C@@H](O)[C@H](O)[C@@H](COO)O[C@H]2O[C@H]2CC[C@@]34C[C@@]54CC[C@]4(C)C(CCC4[C@@H]5CC[C@H]3[C@]2(C)C(=O)O)[C@H](C)[C@H]2CC=C(C)C(=O)O2)[C@H](O)[C@@H](O)[C@@H]1O,1.875061263
OC1[C@@H](OC(CO)[C@H](O)C1O)O[C@]1(CCl)O[C@H](CCl)C(O)C1O,1.880813592
O=C(NC(CCCCC)C(=O)OC)C(N)CC(=O)O,1.9
O=C(NC(CCCCC)C(=O)OC)[C@H](N)CC(=O)O,1.9
CC(=O)OC1C(=O)c2c(cc(O)cc2O)OC1c1ccc(O)c(O)c1,1.903089987
OC1[C@@H](OC(CO)[C@@H](O)C1O)O[C@]1(CC(O)[C@@H](CCl)O1)CCl,1.903089987
OC1[C@@H](OC(CO)[C@@H](O)C1O)O[C@]1(CC(O)[C@@H](CBr)O1)CBr,1.903089987
O=C(CC(NC(=O)[C@H](N)CC(=O)O)CO)OCC,1.92
O=C(CC(NC(=O)[C@H](N)CC(=O)O)C(C)O)OCC,1.93
CC(C)OC(=O)CC(NC(=O)[C@H](N)CC(=O)O)C(C)O,1.93
O=C(O)C1(C)C=C2C3CCC4C(C)(CCC5C4(C=O)CCC(OC4OC(C(=O)O)C(O)C(O)C4OC4OC(C(O)C(O)C4O)C(=O)OO[C@H]4CCC6(C=O)C7CC[C@@H]8C9=C[C@@H](CC(=O)O)CC[C@]9(C)CCC8(C)[C@]7(C)CCC6[C@H]4C)C5(C)C)C3(C)CCC2(C)CC1,1.954242509
OC(C(O)C(=O)CO)C(O)CO,1.96
O=C(O)C[C@@H](N)C(=O)N[C@H](COC(=O)C1CC1)CO,1.96
CC(C)OC(=O)CC(NC(=O)[C@H](N)CC(=O)O)CO,1.96
CC(C)COC(=O)CC(NC(=O)[C@H](N)CC(=O)O)C(C)O,1.97
C[C@H](NC(=O)[C@H](N)CC(=O)O)COC(=O)C(C)C,1.98
OC(C(O)CO)C(O)CO,1.99
C[C@H](NC(=O)[C@H](N)CC(=O)O)COC(=O)C(=C)C,1.99
O=C(CC)OC[C@H](CO)NC(=O)[C@H](N)CC(=O)O,1.99
O1C(CO)C(O)C(O)C(O)C1O[C@@]1(OC(CO)C(O)C1O)CO,2
CC1=CC[C@@H](OC1=O)[C@@H](C)C1CCC2[C@@H]3CCC4[C@@](C)([C@@H](O[C@@H]5O[C@@H]([C@@H](O)[C@H](O)[C@H]5OC5C[C@H](CO)[C@@H](O)[C@H](O)[C@H]5O)C(=O)OC)CC[C@@]44C[C@@]34CC[C@]12C)C(=O)O,2
C.CC(C)(O)/C=C/C[C@](C)(O)C1CCC2(C)C1[C@@H](CC1[C@@](C)(CCC(=O)O)C(CC[C@]12C)C(=C)C)OCC(=C)[C@@H]1CC[C@]2(C)[C@H](C[C@@H](O[C@@H]3OC[C@H](O)[C@H](O)[C@H]3O)[C@@H]3[C@H](CCC[C@]32C)[C@@](C)(O)C/C=C/C(C)(C)O)[C@@]1(C)CCC(=O)O,2
OC1[C@@H](OC(CO)[C@@H](O)C1O)O[C@]1(CC(Cl)[C@@H](CCl)O1)CCl,2
O=C(NC(C(O)CC(=O)OC)C(=O)OC)C(N)CC(=O)O,2
CC.O=C(O)CC(NCCC)C(=O)NC(C)Cc1ccccc1,2
O=C(NC(CCC(=O)OC)C(=O)OC)[C@H](N)CC(=O)O,2
CC(C)(C)OC(=O)CC(NC(=O)[C@H](N)CC(=O)O)C(=O)OC,2.03
O=C(NC(CCCCCC)C(=O)OC)C(N)CC(=O)O,2.07
O=C(NC(CCCCCC)C(=O)OC)[C@H](N)CC(=O)O,2.07
OC1[C@@H](OC(CO)[C@H](Cl)C1O)O[C@]1(CCl)O[C@H](CO)C(O)C1O,2.079181246
OC1[C@@H](OC(CO)[C@H](I)C1O)O[C@]1(CI)O[C@H](CO)C(O)C1O,2.079181246
C[C@H](NC(=O)[C@H](N)CC(=O)O)COC(=O)C(C)CC,2.08
C[C@H](NC(=O)[C@H](N)CC(=O)O)COC(=O)CC(C)C,2.08
O=C(CC(NC(=O)[C@H](N)CC(=O)O)C(C)O)OCCC,2.08
O(C(=O)CCNC(=O)C(N)CC(O)=O)C,2.11
O=C(NC(CCC(C)C)C(=O)OC)C(N)CC(=O)O,2.11
CCCSCC(NC(=O)C(N)CC(=O)O)CC(=O)OC,2.11
O=C(NC(CCC(C)C)C(=O)OC)[C@H](N)CC(=O)O,2.11
O=C(O)C[C@@H](N)C(=O)NC(Cc1ccccc1)C(=O)OC,2.11
CCCSCC(NC(=O)[C@H](N)CC(=O)O)C(=O)OC,2.11
O(C(=O)CCCNC(=O)C(N)CC(O)=O)C,2.13
CC1CCC1C(=O)OC[C@H](C)NC(=O)[C@H](N)CC(=O)O,2.13
CC(C)(C)OCC(CC(=O)OC)NC(=O)C(N)CC(=O)O,2.15
O=C(O)CC(N)C(=O)NC(COc1ccccc1)CC(=O)OC,2.15
CC(C)OC(=O)CC(NC(=O)[C@H](N)CC(=O)O)C(C)C,2.15
CC(C)(C)OCC(NC(=O)[C@H](N)CC(=O)O)C(=O)OC,2.15
Oc1ccc(CC(NC(=O)[C@H](N)CC(=O)O)C(=O)OC)cc1,2.15
O1[C@](O)(CO)C(O)C(O)C1CO,2.168968647
OC1=CC[C@@H](OC1=O)[C@@H](C)C1CCC2[C@@H]3CCC4[C@]5(C[C@@]35CC[C@]12C)CC[C@H](OO[C@@H]1O[C@H](C)[C@@H](O[C@@H]2O[C@H](C(=O)O)[C@@H](O)[C@H](O[C@@H]3O[C@H](CO)[C@@H](O)[C@H](O)[C@H]3O)[C@H]2O)[C@H](O)[C@H]1O)[C@@]4(O)C(=O)O,2.176091259
OC1[C@@H](OC(CO)[C@H](Cl)C1O)O[C@]1(CCl)O[C@@H](CC1O)CCl,2.176091259
O(C(C)C)C(=O)C(CNC(=O)C(N)CC(O)=O)C,2.18
O=C(O)C[C@@H](N)C(=O)N[C@@H](C)COC(=O)C1CC1,2.18
OC1[C@@H](OC(CO)[C@H](Cl)C1O)O[C@]1(CO)O[C@H](CCl)C(Cl)C1O,2.204119983
CC(C)(C)OC(=O)CC(CO)NC(=O)[C@H](N)CC(=O)O,2.21
O=C(O)CC(N)C(=O)NC(Cc1ccccc1)C(=O)OC,2.23
CC(C)SCC(NC(=O)C(C)CC(=O)O)C(=O)OC,2.23
CC(C)SCC(NC(=O)[C@H](N)CC(=O)O)C(=O)OC,2.23
O=C(O)C[C@@H](N)C(=O)N[C@@H](C)COC(=O)C1CCC1,2.24
O(C(=O)C(NC(=O)C(N)CC(O)=O)CCCNOC(=O)C)C,2.25
O(C(=O)C(NC(=O)C(N)CC(O)=O)CCCCNOC(=O)C)C,2.27
O(C(=O)C)CCNC(=O)C(N)CC(O)=O,2.28
C[C@H](NC(=O)[C@H](N)CC(=O)O)COC(=O)C(C)(C)C,2.28
O=C(NC(CCCCCCC)C(=O)OC)C(N)CC(=O)O,2.3
O=C(O)CC(NCCCCC)C(=O)NC(Cc1ccccc1)C(=O)OC,2.3
OC(=O)CC(NCC1CC1)C(=O)NC(Cc1ccccc1)C(=O)OC,2.3
OC1[C@@H](OC(CCl)[C@H](Cl)C1O)O[C@]1(CCl)O[C@H](CCl)C(O)C1O,2.301029996
OC1[C@@H](OC(CO)[C@H](Cl)C1O)O[C@]1(CCl)O[C@H](CCl)C(Cl)C1O,2.301029996
CC(C)(C)OC(=O)C(NC(=O)C(N)CC(=O)O)C(=O)OCC,2.32
CC(C)(C)OC(=O)CC(NC(=O)[C@H](N)CC(=O)O)C(=O)OCC,2.32
O=C(O)C[C@@H]1C=C2[C@H]3CCC4[C@@](C)(CCC5[C@@H](C)[C@H](CCC45C=O)OOC(=O)C4(C)CC=C5C6CCC7C(C)(CCC8C7(C=O)CCC(OC7OC(C(=O)O)C(O)C(O)C7OC7OCC(O)C(O)C7O)C8(C)C)C6(C)CCC5(C)C4)C3(C)CC[C@@]2(C)CC1,2.342422681
OC1[C@@H](OC(CO)[C@H](Cl)C1O)O[C@]1(CCl)O[C@H](CO)C(Cl)C1O,2.342422681
O(C(C)(C)C)C(=O)CCNC(=O)C(N)CC(O)=O,2.36
O=C(CC(NC(=O)[C@H](N)CC(=O)O)CO)OCCC,2.39
O(C(=O)CC(NC(=O)C(N)CC(O)=O)C)C,2.43
O=C(OC1CCCC1)C(NC(=O)C(N)CC(=O)O)C(=O)OCC,2.44
O=C(CC(NC(=O)[C@H](N)CC(=O)O)C(=O)OCC)OC1CCCC1,2.44
OC1[C@@H](OC(CO)[C@H](Cl)C1O)O[C@]1(CCl)O[C@H](CCl)C(OC)C1O,2.477121255
O(C(=O)C)CC(NC(=O)C(N)CC(O)=O)C(O)C,2.48
O(C(C)(C)C)C(=O)C(CNC(=O)C(N)CC(O)=O)C,2.51
O=C(O)CN\C(=N/c1ccc(cc1)C#N)NCC,2.544068044
O(C(=O)CCC)CCNC(=O)C(N)CC(O)=O,2.56
Fc1ccc(cc1)CCNC(=O)C(N)CC(O)=O,2.57
OC1[C@@H](OC(CO)[C@H](Br)C1O)O[C@]1(CCl)O[C@H](CCl)C(O)C1O,2.574031268
O(C(=O)CCC)CC(NC(=O)C(N)CC(O)=O)CO,2.58
O(C(CC)C)C(=O)CC(NC(=O)C(N)CC(O)=O)C,2.6
O(C(CC)CC)C(=O)CCNC(=O)C(N)CC(O)=O,2.6
O(C(=O)CC(NC(=O)C(N)CC(O)=O)C(OC)=O)CC,2.6
O(C(=O)CCCC)CC(NC(=O)C(N)CC(O)=O)C,2.6
O=C(O)CC(NCCCC)C(=O)NC(Cc1ccccc1)C(=O)OC,2.6
CC(=O)OC1C(=O)c2c(cc(O)cc2O)OC1c1ccc(OC)c(O)c1,2.602059991
OC1[C@@H](OC(C)[C@H](Cl)C1O)O[C@]1(CCl)O[C@H](CCl)C(O)C1O,2.602059991
O(C(=O)CC)CCNC(=O)C(N)CC(O)=O,2.61
O(C(=O)CC(NC(=O)C(N)CC(O)=O)C)C1CCCCC1,2.64
O(C(=O)C)CC(NC(=O)C(N)CC(O)=O)CCC,2.66
O(C(C)(C)C)C(=O)CC(NC(=O)C(N)CC(O)=O)C,2.68
O(C(CCC)C)C(=O)CCNC(=O)C(N)CC(O)=O,2.68
O(C(=O)CNC(=O)C(N)CC(O)=O)C,2.68
O(C(=O)C(NC(=O)C(N)CC(O)=O)C)CCCCC,2.68
O=C(OC1CCCCC1)C(NC(=O)C(N)CC(=O)O)C(=O)OCC,2.68
O=C(OC1CCCCC1)CC(NC(=O)[C@H](N)CC(=O)O)C(=O)OCC,2.68
O=C(O)CC(NCC(C)C)C(=O)NC(Cc1ccccc1)C(=O)OC,2.69
OC1[C@@H](OC(COC)[C@H](Cl)C1O)O[C@]1(CCl)O[C@H](CCl)C(O)C1O,2.698970004
ClC1C(O)C(O)C(OC1CO)O[C@@]1(OC(CO)C(O)C1O)CO,2.7
O(C(C)C)C(=O)CCNC(=O)C(N)CC(O)=O,2.7
O(C(CC)C)C(=O)CCNC(=O)C(N)CC(O)=O,2.73
O=C(OC1CC(C)CC(C)(C)C1)CC(NC(=O)[C@H](N)CC(=O)O)C(=O)OC,2.76
CCC(=O)CCOC(=O)C(NC(=O)[C@H](N)CC(=O)O)C(=O)OC,2.79
O=C(O)CC(N[C@H](C)C(C)CC)C(=O)NC(Cc1ccccc1)C(=O)OC,2.81
OC1[C@@H](OC(CO)[C@H](Cl)C1O)O[C@]1(CCl)O[C@H](CCl)C(O)C1O,2.812913357
O(C(C)C)C(=O)CC(NC(=O)C(N)CC(O)=O)C,2.84
OC(=O)CC(N)C(=O)NCCC1CCCCC1,2.85
O(C(=O)C(CNC(=O)C(N)CC(O)=O)C)C1CCCC1,2.88
OC(=O)CC(N)C(=O)NC(Cc1ccccc1)CC,2.89
OC(=O)CC(N)C(=O)NC(Cc1ccc(cc1)C)C,2.89
O(C(=O)C(NC(=O)C(N)CC(O)=O)C)CCCC,2.9
OC1[C@@H](OC(CO)[C@H](Cl)C1O)O[C@]1(CBr)O[C@H](CBr)C(O)C1O,2.903089987
OC1[C@@H](OC(CO)[C@H](Br)C1O)O[C@]1(CBr)O[C@H](CBr)C(O)C1O,2.903089987
O(C(=O)C)CC(NC(=O)C(N)CC(O)=O)C(OC)=O,2.91
O(C(=O)C1CCCC1)CC(NC(=O)C(N)CC(O)=O)CO,2.92
O=C(OC1CCCCC1)C(NC(=O)C(N)CC(=O)O)C(=O)OC,2.92
O=C(CC(NC(=O)[C@H](N)CC(=O)O)C(=O)OC)OC1CCCC1,2.92
O(C(=O)C(CNC(=O)C(N)CC(O)=O)C)C1CCCCC1,2.94
CC(C)(C)SCC(CC(=O)OC)NC(=O)C(N)CC(=O)O,2.95
O=C(OC)C(Cc1ccccc1)NC(=O)C(NCC1CCCCC1)CC(=O)O,2.95
O=C(OC)C(Cc1ccccc1)NC(=O)C(CC(=O)O)NC1CCCCC1,2.95
CC(C)(C)SCC(NC(=O)[C@H](N)CC(=O)O)C(=O)OC,2.95
O(C(=O)CNC(=O)C(N)CC(O)=O)CCC,2.98
O(C(=O)C1CCC1)CCNC(=O)C(N)CC(O)=O,2.99
S1(OC=CC(=O)N1)(=O)=O,3
OC1[C@@H](OC(CO)[C@H](Cl)C1O)O[C@]1(CCl)O[C@H](CCl)C(F)C1O,3
Clc1cc(N\C(=N\c2cc(Cl)cc(Cl)c2)NCC(=O)O)cc(Cl)c1,3
O(C(=O)CNC(=O)C(N)CC(O)=O)C1CCCCC1,3.02
O=C(OC1CC(C)CCC1)CC(NC(=O)[C@H](N)CC(=O)O)C(=O)OC,3.02
O(C(=O)C1CC1)CCNC(=O)C(N)CC(O)=O,3.03
O(C(=O)C(NC(=O)C(N)CC(O)=O)CC)C,3.04
O(C(=O)C1CCC1)CC(NC(=O)C(N)CC(O)=O)C(C)C,3.06
O=C(OC)C(Cc1ccccc1)NC(=O)C(NC1CCCCCCC1)CC(=O)O,3.07
O=C(OC1CCCCC1C)C(NC(=O)[C@H](N)CC(=O)O)C(=O)OCC,3.09
O(C(=O)C(C)C)CC(NC(=O)C(N)CC(O)=O)C(C)C,3.1
O(C)c1ccc(cc1)\C=C\C,3.11
O(CCC(NC(=O)C(N)CC(O)=O)C)CC,3.14
O=C(O)CC(NCCC(C)C)C(=O)NC(Cc1ccccc1)C(=O)OC,3.14
O=C(OC1CCCCC1)CC(NC(=O)[C@H](N)CC(=O)O)C(=O)OC,3.14
O(C(=O)C(CC(NC(=O)C(N)CC(O)=O)C(OC)=O)C)C,3.15
O(C(=O)CC(NC(=O)C(N)CC(O)=O)C)CC,3.16
O(C(=O)CCNC(=O)C(N)CC(O)=O)C1CCCC1,3.16
O(C(=O)C(NC(=O)C(N)CC(O)=O)C(O)CCC)C,3.16
o1cccc1CC(NC(=O)C(N)CC(O)=O)C,3.16
O(C(=O)C(C)C)CCNC(=O)C(N)CC(O)=O,3.16
O(C(=O)C)CC(NC(=O)C(N)CC(O)=O)CC,3.16
O=C(O)C[C@@H](N)C(=O)NC(C(=O)OC1CC2CCC1(C)C2(C)C)C(=O)OC,3.16
OC(=O)CC(N)C(=O)NC(CCCCCC)C,3.17
CC1=CC(=O)[C@@H](CC1)C(O)(C)CC\C=C(/C)C,3.176091259
OC(=O)CC(N)C(=O)NC(Cc1ccccc1)(C)C,3.19
O(CC(NC(=O)C(N)CC(O)=O)C)c1ccccc1,3.19
O(C(=O)C(NC(=O)C(N)CC(O)=O)C)C,3.2
O(C(=O)CC)CC(NC(=O)C(N)CC(O)=O)C(O)C,3.21
O(C(=O)C(CC)C)CC(NC(=O)C(N)CC(O)=O)CO,3.21
O=C(O)CC(\N=C\CCC)C(=O)NC(Cc1ccccc1)C(=O)OC,3.21
O(C(=O)C1CC1)CC(NC(=O)C(N)CC(O)=O)C(C)C,3.22
O(C(=O)CCNC(=O)C(N)CC(O)=O)C1CCCCC1,3.22
O(C(=O)C)CC(NC(=O)C(N)CC(O)=O)CO,3.23
O(C(=O)C(NC(=O)C(N)CC(O)=O)C(O)C)C,3.26
ClC[C@]1(OC(CO)C(O)C1O)OC1OC(CO)C(O)C(O)C1O,3.3
ClCC1O[C@](OC2OC(CO)C(O)C(O)C2O)(CO)C(O)C1O,3.3
S1(OC=C(CC)C(=O)N1)(=O)=O,3.3
S1(OC=C(C)C(=O)N1)(=O)=O,3.3
O(C(C)(C)C)C(=O)CC(NC(=O)C(N)CC(O)=O)C(OC)=O,3.3
O(C(=O)CC(C)C)CC(NC(=O)C(N)CC(O)=O)CO,3.3
O=C(OC)C(Cc1ccccc1)NC(=O)C(NC1CCCCCC1)CC(=O)O,3.3
O=C(O)CC(NCC(CC)CC)C(=O)NC(Cc1ccccc1)C(=O)OC,3.34
O(C(=O)CC(C)C)CCNC(=O)C(N)CC(O)=O,3.36
CC.OC(O)CC(NCCC)C(=O)NC(C)C(=O)NC(C)Oc1ccccc1,3.36
CC.O=C(O)CC(NCCC)C(=O)NC(Cc1ccccc1)C(=O)OCC,3.36
O(C(=O)C(C)C)CC(NC(=O)C(N)CC(O)=O)CC,3.38
O(C(=O)C1CC1)CC(NC(=O)C(N)CC(O)=O)CC,3.38
ClCC1OC(O[C@@]2(OC(CCl)C(O)C2O)CCl)C(O)C(O)C1O,3.4
O(C(=O)C1CCC1)CC(NC(=O)C(N)CC(O)=O)CC,3.4
O(C(=O)C(NC(=O)C(N)CC(O)=O)C(O)C)CCCC,3.41
OC(=O)CC(N)C(=O)NC(CCCCC)C,3.43
O(C(=O)CCC)CC(NC(=O)C(N)CC(O)=O)C(OC)=O,3.43
O(C(C)C)C(=O)C(NC(=O)C(N)CC(O)=O)CCC,3.43
O=C(O)CNC(\N)=N/c1ccc(cc1)C#N,3.431363764
O(C(=O)C(NC(=O)C(N)CC(O)=O)C(O)C)C1CCCCC1,3.44
S(O)(=O)(=O)NC1CCCCC1.[NaH],3.47
OC1[C@@H](OC(CO)[C@H](Cl)C1O)O[C@]1(CCl)O[C@H](CCl)C(Br)C1O,3.477121255
ClC1C(O)[C@@](OC1CO)(OC1OC(CO)C(O)C(O)C1O)CCl,3.48
S1(OC(C)=C(CCC)C(=O)N1)(=O)=O,3.48
O(C(=O)CC)CC(NC(=O)C(N)CC(O)=O)CC,3.48
O(C(=O)C(C)C)CC(NC(=O)C(N)CC(O)=O)CO,3.48
S(O)(=O)(=O)NC1CCCCC1,3.48
O(C(=O)C(NC(=O)C(N)CC(O)=O)CO)C,3.49
O(C(=O)C(NC(=O)C(N)CC(O)=O)CCCC)C,3.49
Fc1ccc(cc1)CC(NC(=O)C(N)CC(O)=O)C,3.5
[CaH2].S(O)(=O)(=O)NC1CCCCC1.S(O)(=O)(=O)NC1CCCCC1,3.52
O(C(=O)CC)CC(NC(=O)C(N)CC(O)=O)C(OC)=O,3.53
O(C(=O)C(CC)CC)CC(NC(=O)C(N)CC(O)=O)C,3.53
OC(=O)CC(N)C(=O)NC(CCC(C)C)C,3.54
O1c2c(CC(O)C1c1ccc(O)cc1)c(O)cc(O)c2C1c2c(OC(C1O)c1ccc(O)cc1)c1[C@@H]3c4c(O[C@@](Oc1cc2O)([C@H]3O)c1ccc(O)cc1)cc(O)cc4O,3.54
OC(=O)C(N)Cc1c2c([nH]c1)cccc2,3.54
N#Cc1ccc(cc1)\N=C(\NCC(=O)O)NC12CC3CC(CC3C1)C2,3.544068044
O(C(=O)C(NC(=O)C(N)CC(O)=O)CCC)CCC,3.56
OC(=O)CC(N)C(=O)NC(Cc1ccccc1)C,3.56
CC.OC(O)CC(NCCC)C(=O)NC(C(C)C)C(=O)NC(Oc1ccccc1)CC,3.57
O(C(=O)C)CC(NC(=O)C(N)CC(O)=O)C(C)C,3.58
OC(=O)CC(N)C(=O)NC(C(CCCCC)C)C,3.58
O(C(=O)CCC)CC(NC(=O)C(N)CC(O)=O)C,3.58
FC1C(O)C(O)C(OC1CO)O[C@@]1(OC(CF)C(O)C1O)CF,3.6
O(C(=O)CC)CC(NC(=O)C(N)CC(O)=O)C(C)C,3.6
S(CC(NC(=O)C(N)CC(O)=O)C(OC)=O)CC,3.6
OC(=O)CC(N)C(=O)NC(CCCC)C,3.6
O1C(CO)C(O)C(O)C(O)C1Oc1cc(O)c(C(=O)CCc2ccc(O)cc2)c(O)c1,3.6
O(C(=O)C)CC(NC(=O)C(N)CC(O)=O)C,3.61
CC(C)(C)OCC(NC(=O)C(CC(=O)O)NCCC)C(=O)OC.CC,3.63
O(C(=O)C(C)C)CC(NC(=O)C(N)CC(O)=O)C(OC)=O,3.65
CC.O=C(O)CC(NCCC)C(=O)NC(COc1ccccc1)C(=O)OC,3.66
O(C(=O)C1CC1C)CC(NC(=O)C(N)CC(O)=O)C,3.68
CC.OC(O)CC(NCCC)C(=O)N(CC)C(=O)NC(Oc1ccccc1)CCOC,3.69
N#Cc1ccc(cc1)/N=C(\NCC(=O)O)Nc1ccccc1C,3.698970004
N#Cc1ccc(cc1)\N=C(\NCC(=O)O)NC1CCc2ccccc21,3.698970004
O=C(O)CNC(\N[C@H](C)c1ccccc1)=N/c1ccccc1,3.698970004
O1[C@H](OC2CC[C@@]34[C@@H](CC[C@H]5[C@@]3(CC[C@]3(C)[C@]5(CC[C@@H]3C(C)[C@@H]3OC(=O)C(=CC3)C)C)C4)[C@]2(C(O)=O)C)C(O[C@H]2OC(CO)C(O)C(O)C2O)C(O)C(O)C1CO,3.7
O(C(=O)C1CCCC1)CC(NC(=O)C(N)CC(O)=O)C,3.7
S1(=O)(=O)CC(Oc2c1cccc2)c1cc(O)c(OC)cc1,3.7
O(C)c1cc2CCC3C4CCC[C@]4(CCC3c2cc1O)C,3.7
O=C\C=C\c1ccccc1,3.7
O(C(=O)C1CCC1)CC(NC(=O)C(N)CC(O)=O)CO,3.71
CC.OC(O)CC(NCCC)C(=O)N(CC(C)C)C(=O)NC(Oc1ccccc1)CCOC,3.71
O(C(=O)C(NC(=O)C(N)CC(O)=O)CO)C1CCCCC1,3.72
O1CC(O)C(O)C(O)C1OC1CC(C=O)=C(CC\C(=C\CO)\C)[C@]2(C1[C@](CCC2)(CO)C)C,3.74
O=C(O)CNC(\N[C@H](C)c1ccccc1)=N/c1cccc(c1)[N+]#[C-],3.740362689
O(C(=O)C(NC(=O)C(N)CC(O)=O)CO)CCCC,3.75
O(C(=O)C(NC(=O)C(N)CC(O)=O)C)CC,3.75
O=C(O)CNC(\NCCCCCC)=N/c1ccc(cc1)C#N,3.77815125
O=NOc1cccc(c1)\N=C(/NCC(=O)O)N[C@H](C)c1ccccc1,3.77815125
O1[C@@H](OC2[C@@H]3[C@](CC[C@H]3[C@](O)(C\C=C\C(O)(C)C)C)(C)[C@]3([C@H](C2)[C@@](CCC(O)=O)(C)C(CC3)C(C)=C)C)C(O)C(O)C(O)C1C,3.8
O(C(=O)C(C)(C)C)CC(NC(=O)C(N)CC(O)=O)C(OC)=O,3.81
N#Cc1ccc(cc1)/N=C(\NCC(=O)O)Nc1ccc(C)cc1,3.84509804
O=NOc1ccc(cc1)\N=C(/NCC(=O)O)N[C@H](C)c1ccccc1,3.84509804
O(C(=O)C=C)CC(NC(=O)C(N)CC(O)=O)C,3.85
O(C(=O)C(NC(=O)C(N)CC(O)=O)CC)CCC,3.86
O(C(=O)CC)CC(NC(=O)C(N)CC(O)=O)C,3.86
OC1[C@@H](OC(CO)[C@H](Cl)C1O)O[C@]1(CCl)O[C@H](CCl)C(I)C1O,3.875061263
OC1[C@@H](OC(CO)[C@H](Br)C1O)O[C@]1(CBr)O[C@H](CBr)C(Br)C1O,3.875061263
O=C(O)CNC(\N[C@H](C)c1ccccc1)=N/c1cc(ccc1)C(F)(F)F,3.875061263
O1[C@H](OC2CC[C@@]34[C@@H](CC[C@H]5[C@@]3(CC[C@]3(C)[C@]5(CC[C@@H]3C(C)[C@@H]3OC(=O)C(=CC3)C)C)C4)[C@]2(C(O)=O)C)C(O[C@H]2OC(CO)C(O)C(O)C2O)C(O)C(O)C1C(O)=O,3.88
O1CC(O)C(O)C(O)[C@@H]1OC1[C@@H]2[C@@](CC[C@@H]2[C@@](O)(C\C=C\C(O)(C)C)C)(C)[C@]2([C@@H](C1)[C@@](CCC(O)=O)(C)C(CC2)C(C)=C)C,3.88
ClCC1O[C@](OC2OC(CO)C(O)C(O)C2O)(CCl)C(O)C1O,3.89
O(C(=O)C(NC(=O)C(N)CC(O)=O)CCCCC)C,3.9
O(C)c1ccc(cc1O)CCC(=O)c1cc(ccc1)C(O)=O,3.9
O1c2c(C(=O)C(OC(=O)C)C1c1cc(O)c(O)cc1)c(O)cc(O)c2,3.9
O(C(=O)C(NC(=O)C(N)CC(O)=O)CO)CC,3.92
O1C(CO)C(O)C(O)C(O)C1OC(C(O)(C)C)CCC(C)[C@H]1CC[C@]2([C@@H]3CC=C4[C@H](CCC(O[C@H]5OC(CO)C(O)C(O)C5O)C4(C)C)[C@]3(C)C(O)C[C@@]12C)C,3.92
O=C(OC1CCCCC1C)C(NC(=O)[C@H](N)CC(=O)O)C(=O)OC,3.92
O1C(COC2OC(CO)C(O)C(O)C2O)C(O)C(O)C(O[C@@H]2OC(CO)C(O)C(O)C2O)C1OC(C(O)(C)C)CCC(C)[C@@H]1CC[C@]2([C@H]3CC=C4[C@H](CCC(O[C@H]5OC(COC6OC(CO)C(O)C(O)C6O)C(O)C(O)C5O)C4(C)C)[C@]3(C)C(=O)C[C@@]12C)C,3.924279286
C[C@H]1[C@@H]([C@H]([C@H]([C@@H](O1)O[C@@H]2[C@H]([C@@H]([C@H](O[C@H]2O[C@@]34CC[C@H]5[C@@]6(CCC[C@@]([C@H]6CC[C@]5(C3)CC4=C)(C)C(=O)O[C@H]7[C@@H]([C@H]([C@@H]([C@H](O7)CO)O)O)O)C)CO)O)O[C@H]8[C@@H]([C@H]([C@@H]([C@H](O8)CO)O)O)O)O)O)O,3.929418926
C[C@@]12CCC[C@@]([C@H]1CC[C@]34[C@H]2CC[C@](C3)(C(=C)C4)O[C@H]5[C@@H]([C@H]([C@@H]([C@H](O5)CO)O)O[C@H]6[C@@H]([C@H]([C@@H]([C@H](O6)CO)O)O)O)O[C@H]7[C@@H]([C@H]([C@@H]([C@H](O7)CO)O)O)O)(C)C(=O)O[C@H]8[C@@H]([C@H]([C@@H]([C@H](O8)CO)O)O)O[C@H]9[C@@H]([C@H]([C@@H]([C@H](O9)CO)O)O)O,3.929418926
O=C(O)CNC(\NCCc1ccccc1)=N/c1ccc(cc1)C#N,3.929418926
O1[C@@H](OC2CC[C@]3([C@@H](CC[C@]4([C@@H]3CC[C@@H]3C5=C[C@](CC[C@]5(CC[C@@]34C)C)(C(O)=O)C)C)C2(C)C)C=O)C(O[C@@H]2OC(C(O)=O)C(O)C(O)C2O)C(O)C(O)C1C(O)=O,3.93
O(C(=O)C(NC(=O)C(N)CC(O)=O)C(O)C)CC,3.93
O(C(C)C)C(=O)C(NC(=O)C(N)CC(O)=O)C(O)C,3.93
O1C(C)C(O)C(O)C(O)C1OC1C(O)C(O)C(OC1O[C@@]12CCC3[C@](CC1=C)(C2)CCC1[C@@](CCC[C@]13C)(C(OC1OC(CO)C(O)C(O)C1O)=O)C)CO,3.93
C[C@H]1[C@@H]([C@H]([C@H]([C@@H](O1)O[C@@H]2[C@H]([C@@H]([C@H](O[C@H]2O[C@@]34CC[C@H]5[C@@]6(CCC[C@@]([C@H]6CC[C@]5(C3)CC4=C)(C)C(=O)O[C@H]7[C@@H]([C@H]([C@@H]([C@H](O7)CO)O)O)O)C)CO)O)O[C@H]8[C@@H]([C@H]([C@@H]([C@H](O8)CO)O)O)O)O)O)O,3.93
O1C(C)C(O)C(O)C(O)C1OC1C(O)C(O)C(OC1O[C@]12CCC3[C@](CC1=C)(C2)CCC1[C@@](CCC[C@]13C)(C(OC1OC(CO)C(O)C(O)C1O)=O)C)CO,3.942008053
O(C(C)C)C(=O)C(NC(=O)C(N)CC(O)=O)C,3.95
O=C(O)CNC(\NC(C)c1ccccc1)=N/c1ccc(cc1)C#N,3.954242509
N#Cc1ccc(cc1)/N=C(\NCC(=O)O)Nc1cc(C)ccc1,3.954242509
O(C(C)C)C(=O)C(NC(=O)C(N)CC(O)=O)CO,3.96
O(C(=O)C1CC1)CC(NC(=O)C(N)CC(O)=O)CO,3.96
O1[C@@H](OC2CC[C@@]3([C@@H]4[C@@](CC[C@H]3C2(C)C)(C)[C@]2(CC[C@]3([C@H](C2=CC4=O)C[C@](CC3)(C(O)=O)C)C)C)C)C(O[C@@H]2OC(C(O)=O)C(O)C(O)C2O)C(O)C(O)C1C(O)=O,3.96
O(C(=O)C(NC(=O)C(N)CC(O)=O)C(O)C)CC(C)C,3.97
CC.OC(O)CC(NCCC)C(=O)N(CC)C(=O)NC(Oc1ccccc1)CC,3.97
O(C(=O)C(C)C)CC(NC(=O)C(N)CC(O)=O)C,3.98
O(C(=O)C(C)=C)CC(NC(=O)C(N)CC(O)=O)C,3.99
O(C(=O)CC)CC(NC(=O)C(N)CC(O)=O)CO,3.99
ClC1C(O)[C@@](OC1CCl)(OC1OC(CO)C(O)C(O)C1O)CCl,4
O1[C@@H](OC2CC[C@]3([C@@H](CC[C@]4([C@@H]3CC=C3[C@@H]5C[C@](CC[C@]5(CC[C@@]34C)C)(C(O)=O)C)C)C2(C)C)C=O)C(O[C@@H]2OC(C(O)=O)C(O)C(O)C2O)C(O)C(O)C1C(O)=O,4
O1C(C(O)=O)C(O)C(O)C(OC2OC(C(O)=O)C(O)C(O)C2O)C1OC1CC[C@]2(C(CC[C@@]3(C2CCC2C4=C[C@@](CC[C@@]4(CC[C@@]23C)C)(C(O)=O)C)C)C1(C)C)CO,4
O1C(C(O)=O)C(O)C(O)C(OC2OC(C(O)=O)C(O)C(O)C2O)C1OC1CC[C@]2(C(CC[C@@]3(C2CC=C2C4C[C@@](CC[C@@]4(CC[C@@]23C)C)(C(O)=O)C)C)C1(C)C)CO,4
O1[C@H](OC2CC[C@@]34[C@@H](CC[C@H]5[C@@]3(CC[C@]3(C)[C@]5(CC[C@@H]3C(C)[C@@H]3OC(=O)C(=CC3)C)C)C4)[C@]2(C(O)=O)C)C(O[C@H]2OC(CO)C(O)C(O)C2O)C(O)C(O)C1C(OC)=O,4
O(C(=O)C(NC(=O)C(N)CC(O)=O)CCC(OC)=O)C,4
O1C(CO)C(O)C(O)C(O)C1Oc1cc(O)c(C(=O)CCc2cc(O)c(OC)cc2)c(O)c1,4
S1c2c(COC1c1cc(O)ccc1)cccc2,4
O1c2cc(OC)ccc2C2c3c(OC[C@@]12O)cccc3,4
O1C(CO)C(O)C(O)C(OC2OC(C)C(O)C(O)C2O)C1Oc1cc(O)c(C(=O)CCc2ccc(O)cc2)c(O)c1,4
O1C(CO)C(O)C(O)C(O[C@H]2OC(C)C(O)C(O)C2O)C1Oc1cc(O)c(C(=O)CCc2cc(O)c(O)cc2)c(O)c1,4
O1C(Cc2c(cccc2)C1=O)c1cc(O)c(OC)cc1,4
O1C(Oc2c(cccc2)C1=O)c1cc(O)c(OC)cc1,4
O1C(CO)C(O)C(O)C(OC2OC(C)C(O)C(O)C2O)C1Oc1cc(O)c(C(=O)CCc2cc(O)c(O)cc2)c(O)c1,4
Clc1cc(N/C(=N/c2ccc(C#N)cc2)NCC(=O)O)ccc1,4
O=C(OC1C(C)CCCC1C)CC(NC(=O)[C@H](N)CC(=O)O)C(=O)OC,4.02
O(C(C)(C)C)C(=O)C(NC(=O)C(N)CC(O)=O)C(OC)=O,4.03
O=C(O)CC(NCCC(C)(C)C)C(=O)NC(Cc1ccccc1)C(=O)OC,4.04
O1C(CO)C(O)C(O)C(O)C1OC(=O)[C@]1([C@@H]2CC[C@@]34[C@@H](CC[C@@](O[C@H]5OC(CO)C(O)C(O[C@H]6OC(CO)C(O)C(O)C6O)C5O[C@H]5OCC(O)C(O)C5O)(C3)C(C4)=C)[C@@]2(CCC1)C),4.05
O1[C@@H](OC2[C@H](OC(CO)C(O)C2O)O[C@@]23CC[C@@H]4[C@@](CC2=C)(C3)CC[C@H]2[C@@](CCC[C@]24C)(C(O)=O)C)C(O)C(O)C(O)C1CO,4.05
O=C(O)C[C@@H](N)C(=O)NC(C(=O)OC1C(C)(C)C2CCC1(C)C2)C(=O)OCC,4.05
O1C(CO)C(O)C(O)C(O)C1OC(=O)[C@]1([C@@H]2CC[C@@]34[C@@H](CC[C@@](O[C@H]5OC(CO)C(O)C(O[C@H]6OC(CO)C(O)C(O)C6O)C5O[C@H]5OCC(O)C(O)C5O)(C3)C(C4)=C)[C@@]2(CCC1)C)C,4.051152522
O1[C@@H](OC2[C@H](OC(CO)C(O)C2O)O[C@@]23CC[C@H]4[C@@](CC2=C)(C3)CC[C@@H]2[C@](CCC[C@]24C)(C(O)=O)C)C(O)C(O)C(O)C1CO,4.051152522
O1C(CO)C(O)C(O)C(O)C1OC(=O)[C@]1([C@@H]2CC[C@@]34[C@@H](CC[C@@](O[C@@H]5OC(CO)C(O)C(O)C5O)(C3)C(C4)=C)[C@@]2(CCC1)C)C,4.056904851
O1C(CO)C(O)C(O)C(O)C1OC(=O)[C@@]1([C@@H]2CC[C@]34[C@@H](CC[C@@](O[C@@H]5OC(CO)C(O)C(O)C5O)(C3)C(C4)=C)[C@@]2(CCC1)C)C,4.06
O(C(=O)C(NC(=O)C(N)CC(O)=O)CCCCCC)C,4.07
N#Cc1ccc(cc1)/N=C(\NCC(=O)O)NC1CCCCC1,4.079181246
O=C(O)CNC(\N[C@H](C)c1ccccc1)=N/c1cc(C)ccc1,4.079181246
IC1C(O)C(O)C(OC1CO)O[C@@]1(OC(CI)C(O)C1O)CI,4.08
ClC1C(O)C(O)C(OC1CO)O[C@@]1(OC(CO)C(O)C1O)CCl,4.08
O(C(=O)C(NC(=O)C(N)CC(O)=O)C(O)C)CCC,4.08
O(C(=O)C(CC)C)CC(NC(=O)C(N)CC(O)=O)C,4.08
O(C(=O)CC(C)C)CC(NC(=O)C(N)CC(O)=O)C,4.08
O1c2c([C@H]3c4cc(O)c(O)cc4C[C@]3(O)C1)ccc(O)c2O,4.08
O1c2cc(O)c(O)cc2C2c3c(OC[C@@]12O)c(O)c(O)cc3,4.08
O1C(CO)C(O)C(O)C(O)C1OCC1OC(OC(C(O)(C)C)CCC(C)[C@H]2CC[C@@]3([C@@H]4CC=C5[C@@H](CCC(O[C@@H]6OC(COC7OC(CO)C(O)C(O)C7O)C(O)C(O)C6O)C5(C)C)[C@@]4(C)C(O)C[C@]23C)C)C(O)C(O)C1O,4.096910013
O1C(CO)C(O)C(O)C(O)C1OC1C(O)C(O)C(OC1O[C@]12CCC3[C@](CC1=C)(C2)CCC1[C@@](CCC[C@@]13C)(C(OC1OC(CO)C(O)C(O)C1OC1OC(CO)C(O)C(O)C1O)=O)C)CO,4.096910013
O(C(=O)C(NC(=O)C(N)CC(O)=O)C)CCC,4.1
S1(OC(C)=C(C)C(=O)N1)(=O)=O,4.11
O(C(=O)C(NC(=O)C(N)CC(O)=O)Cc1ccccc1)C,4.11
O(C(=O)C(NC(=O)C(N)CC(O)=O)CCC(C)C)C,4.11
S(CC(NC(=O)C(N)CC(O)=O)C(OC)=O)CCC,4.11
O(C(=O)C1CCC1C)CC(NC(=O)C(N)CC(O)=O)C,4.13
CC.O=C(O)CC(NCCC)C(=O)NC(CC1CCCCC1)C(=O)OC,4.13
O(C(C)C)C(=O)C(NC(=O)C(N)CC(O)=O)CC,4.15
O(C(C)C)C(=O)C(NC(=O)C(N)CC(O)=O)C(C)C,4.15
O(C(C)(C)C)CC(NC(=O)C(N)CC(O)=O)C(OC)=O,4.15
Oc1ccc(cc1)CC(NC(=O)C(N)CC(O)=O)C(OC)=O,4.15
C[C@]12CC[C@](C[C@H]1C3=CC(=O)[C@@H]4[C@]5(CC[C@@H](C([C@@H]5CC[C@]4([C@@]3(CC2)C)C)(C)C)O[C@@H]6[C@@H]([C@H]([C@@H]([C@H](O6)C(=O)[O-])O)O)O[C@H]7[C@@H]([C@H]([C@@H]([C@H](O7)C(=O)[O-])O)O)O)C)(C)C(=O)[O-].[K+].[K+].[K+],4.176091259
O=C(O)CNC(\N[C@H](C)c1ccccc1)=N/c1cc(F)cc(F)c1,4.176091259
S1(OC(=CC(=O)N1)CC)(=O)=O,4.18
O(C(=O)C1CC1)CC(NC(=O)C(N)CC(O)=O)C,4.18
O(C)c1ccc(cc1O)C(Oc1ccccc1)O,4.18
O1c2c(C(=O)CC1c1cc(O)c(OCC)cc1)c(O)ccc2,4.18
C[C@]12CC[C@](C[C@H]1C3=CC(=O)[C@@H]4[C@]5(CC[C@@H](C([C@@H]5CC[C@]4([C@@]3(CC2)C)C)(C)C)O[C@@H]6[C@@H]([C@H]([C@@H]([C@H](O6)C(=O)[O-])O)O)O[C@H]7[C@@H]([C@H]([C@@H]([C@H](O7)C(=O)[O-])O)O)O)C)(C)C(=O)[O-].[K+].[K+].[K+],4.18
S1(OC(=CC(=O)N1)C)(=O)=O,4.19
ClC1C(O)C(O)C(OC1CO)O[C@@]1(OC(CCl)C(Cl)C1O)CO,4.2
O(C(=O)C(NC(=O)C(N)CC(O)=O)CO)CC(C)C,4.21
S(C(C)C)CC(NC(=O)C(N)CC(O)=O)C(OC)=O,4.23
O(C(=O)C1CCC1)CC(NC(=O)C(N)CC(O)=O)C,4.24
N#Cc1ccc(cc1)/N=C(/NN(C)c1ccccc1)NCC(=O)O,4.255272505
O1C(CO)C(O)C(O)C(O)C1OC(=O)[C@@]1([C@H]2CC[C@]34[C@H](CC[C@](O[C@H]5OC(CO)C(O)C(O)C5O[C@H]5OC(CO)C(O)C(O)C5O)(C3)C(C4)=C)[C@@]2(CCC1)C)C,4.267171728
O1C(CO)C(O)C(O)C(O)C1OC(=O)[C@@]1([C@@H]2CC[C@]34[C@H](CC[C@@](O[C@@H]5OC(CO)C(O)C(O)C5O[C@H]5OC(CO)C(O)C(O)C5O)(C3)C(C4)=C)[C@@]2(CCC1)C)C,4.27
O(C(=O)C(C)(C)C)CC(NC(=O)C(N)CC(O)=O)C,4.28
ClC1C(O)C(O)C(OC1CCl)O[C@@]1(OC(CCl)C(O)C1O)CCl,4.3
O1[C@H](OC2CC[C@@]3([C@@H]4[C@](CC[C@H]3C2(C)C)(C)[C@]2(CC[C@]3([C@H](C2=CC4=O)C[C@](CC3)(C(O)=O)C)C)C)C)C(O[C@@H]2OC(C(O)=O)C(O)C(O)C2O)C(O)C(O)C1C(O)=O.N,4.3
O1C(COC(=O)C)C(O)C(O)C1OC1CC[C@]2(C(CC[C@@]3(C2CC(OC2OC(C)C(O)C(O)C2O)C2[C@@]3(CCC2[C@@]2(OC(CC2)C(O)(C)C)C)C)C)C1(C)C)C,4.3
C[C@]12CC[C@](C[C@H]1C3=CC(=O)[C@@H]4[C@]5(CC[C@@H](C([C@@H]5CC[C@]4([C@@]3(CC2)C)C)(C)C)O[C@@H]6[C@@H]([C@H]([C@@H]([C@H](O6)C(=O)[O-])O)O)O[C@H]7[C@@H]([C@H]([C@@H]([C@H](O7)C(=O)[O-])O)O)O)C)(C)C(=O)[O-].[Na+].[Na+] ,4.3
O(CC)c1ccc(NC(=O)N)cc1,4.3
O1CC(Cc2c1cccc2)c1cc(O)c(OC)cc1,4.3
S1c2c(CCC1c1cc(O)c(OC)cc1)cccc2,4.3
S1c2c(COC1c1cc(O)c(O)cc1)cccc2,4.3
S1c2c(SC1c1cc(O)c(OC)cc1)cccc2,4.3
C[C@]12CC[C@](C[C@H]1C3=CC(=O)[C@@H]4[C@]5(CC[C@@H](C([C@@H]5CC[C@]4([C@@]3(CC2)C)C)(C)C)O[C@@H]6[C@@H]([C@H]([C@@H]([C@H](O6)C(=O)[O-])O)O)O[C@H]7[C@@H]([C@H]([C@@H]([C@H](O7)C(=O)[O-])O)O)O)C)(C)C(=O)[O-].[Na+].[Na+] C(O)C1C(O)=O,4.301029996
Clc1cc(cc(Cl)c1)/N=C(/NC1CCCCCC1)NCC(=O)O,4.301029996
O1[C@@H](OC2CC[C@@]3([C@H]4[C@](CC[C@H]3C2(C)C)(C)[C@@]2(CC[C@@]3([C@@H](C2=CC4=O)C[C@](CC3)(C(O)=O)C)C)C)C)C(O[C@@H]2OC(C(O)=O)C(O)C(O)C2O)C(O)C(O)C1C(O)=O,4.311753861
O(C(C)(C)C)C(=O)C(NC(=O)C(N)CC(O)=O)C(OCC)=O,4.32
ClC1C(O)C(O)C(OC1CO)O[C@@]1(OC(CO)C(Cl)C1O)CCl,4.34
O1C(CO)C(O)C(O)C(O)C1OC1C(O)C(O)C(OC1O[C@]12CCC3[C@](CC1=C)(C2)CCC1[C@](CCC[C@]13C)(C(OC1OC(CO)C(O)C(O)C1OC1OC(CO)C(O)C(O)C1O)=O)C)CO,4.35
C[C@@]12CCC[C@@]([C@H]1CC[C@]34[C@H]2CC[C@](C3)(C(=C)C4)O[C@H]5[C@@H]([C@H]([C@@H]([C@H](O5)CO)O)O[C@H]6[C@@H]([C@H]([C@@H]([C@H](O6)CO)O)O)O)O[C@H]7[C@@H]([C@H]([C@@H]([C@H](O7)CO)O)O)O)(C)C(=O)O[C@H]8[C@@H]([C@H]([C@@H]([C@H](O8)CO)O)O)O,4.352182518
CC(C)(C)SCC(NC(=O)C(CC(=O)O)NCCC)C(=O)OC.CC,4.36
N#Cc1ccc(cc1)\N=C(\NCC(=O)O)NCC12CC3CC(C1)C(C3)C2,4.361727836
Brc1cc(/N=C(\NCC(=O)O)N[C@H](C)c2ccccc2)ccc1,4.397940009
O1C(CO)C(O)C(O)C(O)C1Oc1ccc(cc1)C1Oc2c(ccc(O)c2)C(=O)C1,4.4
S1(OC(C)=C(CC)C(=O)N1)(=O)=O,4.4
S1CC(Oc2c1cccc2)c1cc(O)c(OC)cc1,4.4
O(C)c1ccc(NCc2ccccc2)cc1O,4.4
O(C(=O)C(NC(=O)C(N)CC(O)=O)C(OCC)=O)C1CCCC1,4.44
O=C(O)CNC(\NSC(C)c1ccccc1)=N/c1ccc(cc1)C#N,4.447158031
C[C@@]12CCC[C@@]([C@H]1CC[C@]34[C@H]2CC[C@](C3)(C(=C)C4)O[C@H]5[C@@H]([C@H]([C@@H]([C@H](O5)CO)O)O[C@H]6[C@@H]([C@H]([C@@H]([C@H](O6)CO)O)O)O)O[C@H]7[C@@H]([C@H]([C@@H]([C@H](O7)CO)O)O)O)(C)C(=O)O[C@H]8[C@@H]([C@H]([C@@H]([C@H](O8)CO)O)O)O ,4.47
O1C(COC2OC(CO)C(O)C(O)C2O)C(O)C(O)C(O[C@H]2OC(CO)C(O)C(O)C2O)C1OC(C(O)(C)C)CCC(C)[C@@H]1CC[C@@]2([C@@H]3CC=C4[C@H](CCC(O[C@@H]5OC(COC6OC(CO)C(O)C(O)C6O)C(O)C(O)C5O)C4(C)C)[C@@]3(C)C(O)C[C@]12C)C,4.477121255
O=C(O)CN\C(=N/c1ccc(cc1)C#N)NCc1ccccc1,4.477121255
O=C(O)CNC(\N[C@H](C)c1ccccc1)=N/c1cc(C)cc(C)c1,4.477121255
Clc1cc(\N=C(\Nc2cc3ccccc3cc2)NCC(=O)O)cc(Cl)c1,4.477121255
S1c2c(OC1c1cc(O)c(OC)cc1)cccc2,4.48
S1c2c(cccc2)C(OC1c1cc(O)c(OC)cc1)=O,4.48
O(C)c1ccc(cc1O)CCc1ccccc1,4.48
S1(=O)(=O)NC(=O)c2c1cccc2.[NaH],4.48
CC(CCC(C(C)(C)O)OC1C(C(C(C(O1)CO)O)O)OC2C(C(C(C(O2)CO)O)O)O)C3CCC4(C3(CC(C5(C4CC=C6C5CCC(C6(C)C)OC7C(C(C(C(O7)COC8C(C(C(C(O8)CO)O)O)O)O)O)O)C)O)C)C  ,4.49
O1[C@H](OC2C(O)C(O[C@@H](O[C@]34CC[C@H]5[C@@](CC3=C)(C4)CC[C@@H]3[C@](CCC[C@]35C)(C(O)=O)C)C2O[C@H]2OC(CO)C(O)C(O)C2O)CO)C(O)C(O)C(O)C1CO,4.51
C[C@@]12CCC[C@@]([C@H]1CC[C@]34[C@H]2CC[C@](C3)(C(=C)C4)O[C@H]5[C@@H]([C@H]([C@@H]([C@H](O5)CO)O)O[C@H]6[C@@H]([C@H]([C@@H]([C@H](O6)CO)O)O)O)O[C@H]7[C@@H]([C@H]([C@@H]([C@H](O7)CO)O)O)O)(C)C(=O)O[C@H]8[C@@H]([C@H]([C@@H]([C@H](O8)CO)O)O)O[C@H]9[C@@H]([C@H]([C@@H]([C@H](O9)CO)O)O)O,4.51
O1[C@H](OC2C(O)C(O[C@H](O[C@]34CC[C@@H]5[C@](CC3=C)(C4)CC[C@H]3[C@@](CCC[C@@]35C)(C(O)=O)C)C2O[C@H]2OC(CO)C(O)C(O)C2O)CO)C(O)C(O)C(O)C1CO,4.511883361
C[C@H](CC[C@H](C(C)(C)O)O[C@H]1[C@@H]([C@H]([C@@H]([C@H](O1)CO[C@H]2[C@@H]([C@H]([C@@H]([C@H](O2)CO)O)O)O)O)O)O[C@H]3[C@@H]([C@H]([C@@H]([C@H](O3)CO)O)O)O)[C@H]4CC[C@@]5([C@@]4(C[C@H]([C@@]6([C@H]5CC=C7[C@H]6CC[C@@H](C7(C)C)O[C@H]8[C@@H]([C@H]([C@@H]([C@H](O8)CO[C@H]9[C@@H]([C@H]([C@@H]([C@H](O9)CO)O)O)O)O)O)O)C)O)C)C,4.53
S1(OC(=CC(=O)N1)C)(=O)=O.O(C(=O)C(NC(=O)C(N)CC(O)=O)Cc1ccccc1)C,4.54
O1Cc2c(CC1c1cc(O)c(OC)cc1)cccc2,4.54
O1c2c(CCC1c1cc(O)c(OC)cc1)cccc2,4.54
O1c2c(C(=O)CC1c1cc(O)c(OC)cc1)c(O)ccc2,4.54
[NaH].OC(=O)CCNC(=O)Nc1ccc([N+](=O)[O-])cc1,4.54
N#Cc1ccc(cc1)/N=C(/NCC1CCCCC1)NCC(=O)O,4.544068044
Clc1cc(\N=C(/NCC(=O)O)N[C@H](C)c2ccccc2)cc(Cl)c1Cl,4.544068044
Clc1cc(cc(Cl)c1)/N=C(/NCC1CCCCC1)NCC(=O)O,4.544068044
S1(=O)(=O)NC(=O)c2c1cccc2,4.57
O1c2c(C(=O)C(OC(=O)C)C1c1cc(O)c(OC)cc1)c(O)cc(O)c2,4.6
S1c2c(SCC1c1cc(O)c(OC)cc1)cccc2,4.65
O1c2c(OCC1c1cc(O)c(OC)cc1)cccc2,4.65
O1C(CO)C(O)C(O)C(OC2OC(C)C(O)C(O)C2O)C1OC1CC2[C@@](C3C(CC2=O)C2CCC(C(C)C4OC(OC5OC(C)C(O)C(O)C5O)C(CC4)C)[C@@]2(CC3)C)(CC1)C,4.65
O(C(=O)C(NC(=O)C(N)CC(O)=O)C(OCC)=O)C1CCCCC1,4.68
C[C@]12CC[C@](C[C@H]1C3=CC(=O)[C@@H]4[C@]5(CC[C@@H](C(C5CC[C@]4([C@@]3(CC2)C)C)(C)C)O[C@@H]6[C@@H]([C@H]([C@@H]([C@H](O6)C(=O)O)O)O)O[C@H]7[C@@H]([C@H]([C@@H]([C@H](O7)C(=O)O)O)O)O)C)(C)C(=O)[O-].[K+],4.698970004
O1[C@H](OC2CC[C@@]3([C@H](CCC(C)=C3CCc3ccoc3)C2(C)C)C)C(O[C@@H]2OCC(O)C(O)C2O)C(O)C(O)C1CO,4.698970004
N#Cc1ccc(cc1)\N=C(\NSC(C)C1CCCCC1)NCC(=O)O,4.698970004
O=C(O)CNC(\N[C@H](C)c1ccccc1)=N/c1cc(C)c(cc1)[N+]#[C-],4.698970004
O=C(O)CNC(\N[C@H](C)c1ccccc1)=N/c1cc(C)c([N+]#[C-])c(C)c1,4.698970004
O1[C@@H](OC2CC[C@@]3([C@H](CCC(C)=C3CCc3ccoc3)C2(C)C)C)C(O[C@@H]2OCC(O)C(O)C2O)C(O)C(O)C1CO,4.7
[CaH2].S1(=O)(=O)NC(=O)c2c1cccc2.S1(=O)(=O)NC(=O)c2c1cccc2,4.7
S1CC(Oc2c1cc(O)cc2)c1cc(O)c(OC)cc1,4.7
S1Cc2c(OC1c1cc(O)c(OC)cc1)cccc2,4.7
Cl\C(=C(/Cl)\C(\Cl)=C(\Cl)/Cl)\C(O)=O.[NaH],4.7
C[C@]12CC[C@](C[C@H]1C3=CC(=O)[C@@H]4[C@]5(CC[C@@H](C(C5CC[C@]4([C@@]3(CC2)C)C)(C)C)O[C@@H]6[C@@H]([C@H]([C@@H]([C@H](O6)C(=O)O)O)O)O[C@H]7[C@@H]([C@H]([C@@H]([C@H](O7)C(=O)O)O)O)O)C)(C)C(=O)[O-].[K+],4.7
[KH].S1(=O)(=O)NC(=O)c2c1cccc2,4.7
O1C(COC2OC(CO)C(O)C(O)C2O)C(O)C(O)C(O[C@H]2OC(CO)C(O)C(O)C2O)C1OC(C(O)(C)C)CCC(C)[C@@H]1CC[C@@]2([C@@H]3CC=C4[C@@H](CCC(O[C@H]5OC(CO)C(O)C(O)C5O)C4(C)C)[C@]3(C)C(O)C[C@@]12C)C,4.748188027
C[C@H](CC[C@H](C(C)(C)O)O[C@H]1[C@@H]([C@H]([C@@H]([C@H](O1)CO[C@H]2[C@@H]([C@H]([C@@H]([C@H](O2)CO)O)O)O)O)O)O[C@H]3[C@@H]([C@H]([C@@H]([C@H](O3)CO)O)O)O)[C@H]4CC[C@@]5([C@@]4(C[C@H]([C@@]6([C@H]5CC=C7[C@H]6CC[C@@H](C7(C)C)O[C@H]8[C@@H]([C@H]([C@@H]([C@H](O8)CO)O)O)O)C)O)C)C,4.75
O(C(=O)C(NC(=O)C(N)CC(O)=O)C(OC)=O)C1CC(CC(C1)C)(C)C,4.76
O1C(CO)C(O)C(O)C(OC2OC(C)C(O)C(O)C2O)C1OC1CC2[C@@](C3C(CC2=O)C2CCC(C(C)C4OC(OC5OC(C)C(O)C(O)C5O)C(CC4)C)[C@]2(CC3)C)(CC1)C,4.77815125
N#Cc1ccc(cc1)/N=C(/NC1CCCCCC1)NCC(=O)O,4.77815125
N#Cc1ccc(cc1)\N=C(/NCC(=O)O)Nc1ccc2ccccc2c1,4.77815125
Clc1cc(cc(Cl)c1)\N=C(\NC1CCCCCCC1)NCC(=O)O,4.77815125
ClC1C(O)[C@@](OC1CCl)(OC1OC(CO)C(F)C(O)C1O)CCl,4.78
O1C(COC2OCC(O)C(O)C2O)C(O)C(O)C(OC2OC(CO)C(O)C(O)C2O)C1OC1CC[C@]2(C(CC[C@@]3(C2CC=C2C4[C@@]5(CC(OC5=O)C(C4)(C)C)C(O)C[C@@]23C)C)C1(C)C)C,4.78
O1[C@H](OC2CC[C@]3([C@H](C2)C(=O)C=C2[C@H]4CC[C@H](C(C)[C@@H]5OC(O[C@H]6OC(C)C(O)C(O)C6O)C(CC5)C)[C@@]4(CC[C@H]23)C)C)C(O[C@H]2OC(C)C(O)C(O)C2O)C(O)C(O)C1CO,4.78
O(C(CC)CC)C(=O)C(NC(=O)C(N)CC(O)=O)C(OC)=O,4.79
O=C(O)C[C@@H](N)C(=O)NC(C(=O)OC1C(C)(C)C2CCC1(C)C2)C(=O)OC,4.79
ClC1C(O)C(O)C(OC1CO)O[C@@]1(OC(CCl)C(O)C1O)CCl,4.8
O(C)c1ccc(cc1O)CCC(=O)c1c(O)cc(O)cc1O,4.82
Clc1cc(cc(Cl)c1)\N=C(\NSC(C)C1CCCCC1)NCC(=O)O,4.84509804
O1C(Cc2c(C1=O)c(O)ccc2)c1cc(O)c(OC)cc1,4.85
BrC1C(O)C(O)C(OC1CO)O[C@@]1(OC(CBr)C(O)C1O)CBr,4.9
Clc1cc(\N=C(\NCc2ccccc2)NCC(=O)O)cc(Cl)c1,4.903089987
O(C(=O)C(NC(=O)C(N)CC(O)=O)C(OC)=O)C1CCCC1,4.92
S(C(C)(C)C)CC(NC(=O)C(N)CC(O)=O)C(OC)=O,4.95
ClC1C(O)C(O)C(OC1CO)O[C@@]1(OC(CCl)C(F)C1O)CCl,5
BrC1C(O)[C@@](OC1CBr)(OC1OC(CO)C(F)C(O)C1O)CBr,5
Clc1c2c([nH]cc2CC(N)C(O)=O)ccc1,5
O1C(CO)C(O)C(O)C(O[C@H]2OC(C)C(O)C(O)C2O)C1Oc1cc(O)c(C(=O)CCc2cc(O)c(OCC)cc2)c(O)c1,5
O=C1C=C(CC[C@@H]1[C@@](O)(CC\C=C(\C)/C)C)C,5
O(C(=O)C(NC(=O)C(N)CC(O)=O)C(OC)=O)C1CC(CCC1)C,5.02
O1C(CO)C(O)C(O)C(O[C@H]2OC(C)C(O)C(O)C2O)C1Oc1cc(O)c(C(=O)CCc2cc(O)c(OC)cc2)c(O)c1,5.04
Clc1cc(\N=C(/NCC(=O)O)N[C@H](C)c2ccccc2)cc(Cl)c1,5.079181246
O(C(=O)C(NC(=O)C(N)CC(O)=O)C(OCC)=O)C1CCCCC1C,5.09
O(C(=O)C(NC(=O)C(N)CC(O)=O)C(OC)=O)C1CCCCC1,5.14
O(C(OC(=O)C(NC(=O)C(N)CC(O)=O)C(OC)=O)=O)C1CC2CC[C@]1(C)C2(C)C,5.16
N#Cc1ccc(cc1)\N=C(/NCC(=O)O)NC1CCCCCCCCC1,5.176091259
O=C(O)CNC(\NC(c1ccccc1)c1ccccc1)=N/c1ccc(cc1)C#N,5.176091259
O[C@@]1([C@@H]2[C@](CCC[C@]2(c2c1cccc2)C)(C(O)=O)C)C(O)=O,5.19
N#Cc1ccc(cc1)\N=C(\NC1CCCCCCC1)NCC(=O)O,5.230448921
O1C(CO)C(O)C(O)C(O[C@H]2OC(C)C(O)C(O)C2O)C1Oc1cc(O)c(C(=O)CCc2cc(O)c(OCCC)cc2)c(O)c1,5.3
S1c2c(OCC1c1cc(O)c(OC)cc1)cccc2,5.3
O\N=C\C=1CCC(CC=1)C(C)=C,5.301029996
N#Cc1ccc(cc1)\N=C(/NCC(=O)O)NC1CCCCCCCC1,5.301029996
[C-]#[N+]c1ccc(cc1)\N=C(/NCC(=O)O)NCc1cc(C)cc2OCOc12,5.301029996
[C-]#[N+]c1ccc(cc1)\N=C(/NCC(=O)O)NCc1cccc2OCOc12,5.311753861
S1C(C)(C)C(NC(=O)C(NC(=O)C(N)CC(O)=O)C)C1(C)C.S1C(C)(C)C(NC(=O)C(NC(=O)C(N)CC(O)=O)C)C1(C)C.O.O.O.O.O,5.318758756
ClC1C(O)C(O)C(OC1CO)O[C@@]1(OC(CCl)C(Cl)C1O)CCl,5.32
O1C(CO)C(O)C(O)C(OC2OC(C)C(O)C(O)C2O)C1OC1CC2[C@](C3C(CC2=O)C2CCC(C(C)C4OC(OC5OC(C)C(O)C(O)C5O)C(CC4)C)[C@@]2(CC3)C)(CC1)C,5.477121255
BrC1C(O)[C@@](OC1CCl)(OC1OC(CO)C(Cl)C(O)C1O)CCl,5.51
Brc1c(CCC(O)=O)c(Br)cc(Br)c1C(=O)N,5.6
BrC1C(O)C(O)C(OC1CO)O[C@@]1(OC(CBr)C(Br)C1O)CBr,5.88
O(C(=O)C(NC(=O)C(NCCC(C)(C)C)CC(O)=O)Cc1ccccc1)C,5.89
S1Cc2c(SC1c1cc(O)c(OC)cc1)cccc2,6
O(C(OC(=O)C(NC(=O)C(N)CC(O)=O)C(OCC)=O)=O)C1CC2CC[C@]1(C)C2(C)C,6.05
O(C(=O)C(NC(=O)C(NC(=O)Nc1ccc(cc1)C#N)CC(O)=O)Cc1ccccc1)C,6.15
OC(=O)CN/C(=N/c1ccc(cc1)C#N)/NCc1cc(ccc1)C,7.3
OC(=O)CN/C(=N\c1ccc(cc1)C#N)/NC1CCCCCCCC1,7.3
O1c2c(OC1)cccc2C\N=C(\Nc1ccc(cc1)C#N)/NCC(O)=O,7.35
Oc1cc(ccc1OC)OCc1ccccc1C(=O)O,10